"1778253647.262742600","10.164.97.208","10.164.97.126","45575","53","66"
"1778253647.263014500","10.164.97.208","10.164.97.126","45576","53","66"
"1778253647.263183000","10.164.97.208","10.164.97.126","45577","53","66"
"1778253647.263997900","10.164.97.126","10.164.97.208","53","45575","70"
"1778253647.264050800","10.164.97.208","10.164.97.126","45575","53","54"
"1778253647.264249200","10.164.97.126","10.164.97.208","53","45576","70"
"1778253647.264262800","10.164.97.208","10.164.97.126","45575","53","56"
"1778253647.264295000","10.164.97.208","10.164.97.126","45576","53","54"
"1778253647.264328200","10.164.97.208","10.164.97.126","45575","53","86"
"1778253647.264373800","10.164.97.126","10.164.97.208","53","45577","70"
"1778253647.264380500","10.164.97.208","10.164.97.126","45576","53","56"
"1778253647.264403000","10.164.97.208","10.164.97.126","45577","53","54"
"1778253647.264409700","10.164.97.208","10.164.97.126","45576","53","86"
"1778253647.264455000","10.164.97.208","10.164.97.126","45577","53","56"
"1778253647.264490100","10.164.97.208","10.164.97.126","45577","53","86"
"1778253647.265864300","10.164.97.126","10.164.97.208","53","45575","54"
"1778253647.266375800","10.164.97.126","10.164.97.208","53","45575","54"
"1778253647.266375800","10.164.97.126","10.164.97.208","53","45576","54"
"1778253647.266699300","10.164.97.126","10.164.97.208","53","45576","54"
"1778253647.266931600","10.164.97.126","10.164.97.208","53","45577","54"
"1778253647.266931600","10.164.97.126","10.164.97.208","53","45577","54"
"1778253647.350657500","10.164.97.208","10.164.97.126","45579","53","66"
"1778253647.350870100","10.164.97.208","10.164.97.126","45580","53","66"
"1778253647.350955900","10.164.97.208","10.164.97.126","45581","53","66"
"1778253647.351956500","10.164.97.126","10.164.97.208","53","45579","70"
"1778253647.352198300","10.164.97.208","10.164.97.126","45579","53","54"
"1778253647.352396300","10.164.97.126","10.164.97.208","53","45580","70"
"1778253647.352455000","10.164.97.208","10.164.97.126","45579","53","56"
"1778253647.352470700","10.164.97.208","10.164.97.126","45580","53","54"
"1778253647.352563400","10.164.97.208","10.164.97.126","45579","53","100"
"1778253647.352571100","10.164.97.126","10.164.97.208","53","45581","70"
"1778253647.352625700","10.164.97.208","10.164.97.126","45581","53","54"
"1778253647.352630100","10.164.97.208","10.164.97.126","45580","53","56"
"1778253647.352652300","10.164.97.208","10.164.97.126","45580","53","100"
"1778253647.352720600","10.164.97.208","10.164.97.126","45581","53","56"
"1778253647.352743200","10.164.97.208","10.164.97.126","45581","53","100"
"1778253647.354028500","10.164.97.126","10.164.97.208","53","45579","54"
"1778253647.354515000","10.164.97.126","10.164.97.208","53","45579","54"
"1778253647.354982400","10.164.97.126","10.164.97.208","53","45580","54"
"1778253647.354982400","10.164.97.126","10.164.97.208","53","45580","54"
"1778253647.355337300","10.164.97.126","10.164.97.208","53","45581","54"
"1778253647.355562500","10.164.97.126","10.164.97.208","53","45581","54"
"1778253647.398815900","10.164.97.126","10.164.97.208","53","45576","55"
"1778253647.408027600","10.164.97.126","10.164.97.208","53","45575","55"
"1778253647.408027600","10.164.97.126","10.164.97.208","53","45577","55"
"1778253647.441011200","10.164.97.208","10.164.97.126","45576","53","54"
"1778253647.449060200","10.164.97.208","10.164.97.126","45575","53","54"
"1778253647.449253000","10.164.97.208","10.164.97.126","45577","53","54"
"1778253647.454571500","10.164.97.126","10.164.97.208","53","45576","135"
"1778253647.454571500","10.164.97.126","10.164.97.208","53","45580","55"
"1778253647.454571500","10.164.97.126","10.164.97.208","53","45579","55"
"1778253647.454571500","10.164.97.126","10.164.97.208","53","45581","55"
"1778253647.454571500","10.164.97.126","10.164.97.208","53","45575","157"
"1778253647.454571500","10.164.97.126","10.164.97.208","53","45577","123"
"1778253647.455060500","10.164.97.208","10.164.97.126","45576","53","54"
"1778253647.455390800","10.164.97.208","10.164.97.126","45577","53","54"
"1778253647.455563700","10.164.97.208","10.164.97.126","45575","53","54"
"1778253647.456701500","10.164.97.126","10.164.97.208","53","45576","54"
"1778253647.456744500","10.164.97.208","10.164.97.126","45576","53","54"
"1778253647.456986600","10.164.97.126","10.164.97.208","53","45577","54"
"1778253647.457030700","10.164.97.208","10.164.97.126","45577","53","54"
"1778253647.457846900","10.164.97.126","10.164.97.208","53","45575","54"
"1778253647.457883900","10.164.97.208","10.164.97.126","45575","53","54"
"1778253647.499828300","10.164.97.208","10.164.97.126","45580","53","54"
"1778253647.499928200","10.164.97.208","10.164.97.126","45579","53","54"
"1778253647.500046700","10.164.97.208","10.164.97.126","45581","53","54"
"1778253647.501320400","10.164.97.126","10.164.97.208","53","45580","129"
"1778253647.501560300","10.164.97.126","10.164.97.208","53","45579","151"
"1778253647.501638600","10.164.97.208","10.164.97.126","45580","53","54"
"1778253647.501751400","10.164.97.208","10.164.97.126","45579","53","54"
"1778253647.501758100","10.164.97.126","10.164.97.208","53","45581","117"
"1778253647.501937200","10.164.97.208","10.164.97.126","45581","53","54"
"1778253647.503140100","10.164.97.126","10.164.97.208","53","45580","54"
"1778253647.503161500","10.164.97.208","10.164.97.126","45580","53","54"
"1778253647.505304200","10.164.97.126","10.164.97.208","53","45579","54"
"1778253647.505347600","10.164.97.208","10.164.97.126","45579","53","54"
"1778253647.507937700","10.164.97.126","10.164.97.208","53","45581","54"
"1778253647.508043300","10.164.97.208","10.164.97.126","45581","53","54"
"1778253647.575629600","10.164.97.208","10.164.97.126","45582","53","66"
"1778253647.576000100","10.164.97.208","10.164.97.126","45583","53","66"
"1778253647.576205800","10.164.97.208","10.164.97.126","45584","53","66"
"1778253647.577167400","10.164.97.126","10.164.97.208","53","45582","70"
"1778253647.577244000","10.164.97.208","10.164.97.126","45582","53","54"
"1778253647.577452000","10.164.97.208","10.164.97.126","45582","53","56"
"1778253647.577512300","10.164.97.208","10.164.97.126","45582","53","97"
"1778253647.577530300","10.164.97.126","10.164.97.208","53","45583","70"
"1778253647.577576400","10.164.97.208","10.164.97.126","45583","53","54"
"1778253647.577688500","10.164.97.208","10.164.97.126","45583","53","56"
"1778253647.577725000","10.164.97.208","10.164.97.126","45583","53","97"
"1778253647.577860400","10.164.97.126","10.164.97.208","53","45584","70"
"1778253647.577915600","10.164.97.208","10.164.97.126","45584","53","54"
"1778253647.577989900","10.164.97.208","10.164.97.126","45584","53","56"
"1778253647.578083300","10.164.97.208","10.164.97.126","45584","53","97"
"1778253647.579519700","10.164.97.126","10.164.97.208","53","45582","54"
"1778253647.579777000","10.164.97.126","10.164.97.208","53","45582","54"
"1778253647.580465400","10.164.97.126","10.164.97.208","53","45583","54"
"1778253647.580465400","10.164.97.126","10.164.97.208","53","45583","54"
"1778253647.581641400","10.164.97.126","10.164.97.208","53","45584","54"
"1778253647.583000100","10.164.97.126","10.164.97.208","53","45584","54"
"1778253647.642598800","10.164.97.208","10.164.97.126","45585","53","66"
"1778253647.642953200","10.164.97.208","10.164.97.126","45586","53","66"
"1778253647.643199600","10.164.97.208","10.164.97.126","45587","53","66"
"1778253647.643936900","10.164.97.126","10.164.97.208","53","45585","70"
"1778253647.643936900","10.164.97.126","10.164.97.208","53","45586","70"
"1778253647.644032600","10.164.97.208","10.164.97.126","45585","53","54"
"1778253647.644092100","10.164.97.208","10.164.97.126","45586","53","54"
"1778253647.644253500","10.164.97.208","10.164.97.126","45586","53","56"
"1778253647.644329000","10.164.97.208","10.164.97.126","45586","53","87"
"1778253647.644431900","10.164.97.208","10.164.97.126","45585","53","56"
"1778253647.644466900","10.164.97.208","10.164.97.126","45585","53","87"
"1778253647.644670900","10.164.97.126","10.164.97.208","53","45587","70"
"1778253647.644732000","10.164.97.208","10.164.97.126","45587","53","54"
"1778253647.644922300","10.164.97.208","10.164.97.126","45587","53","56"
"1778253647.645030300","10.164.97.208","10.164.97.126","45587","53","87"
"1778253647.647686500","10.164.97.126","10.164.97.208","53","45586","54"
"1778253647.647922100","10.164.97.126","10.164.97.208","53","45586","54"
"1778253647.648296300","10.164.97.126","10.164.97.208","53","45585","54"
"1778253647.648296300","10.164.97.126","10.164.97.208","53","45585","54"
"1778253647.648620100","10.164.97.126","10.164.97.208","53","45587","54"
"1778253647.648995100","10.164.97.126","10.164.97.208","53","45587","54"
"1778253647.707827600","10.164.97.126","10.164.97.208","53","45583","55"
"1778253647.707827600","10.164.97.126","10.164.97.208","53","45582","55"
"1778253647.707827600","10.164.97.126","10.164.97.208","53","45584","55"
"1778253647.757023400","10.164.97.208","10.164.97.126","45583","53","54"
"1778253647.757202900","10.164.97.208","10.164.97.126","45582","53","54"
"1778253647.757223900","10.164.97.208","10.164.97.126","45584","53","54"
"1778253647.758790800","10.164.97.126","10.164.97.208","53","45583","155"
"1778253647.758973500","10.164.97.126","10.164.97.208","53","45582","184"
"1778253647.759052500","10.164.97.208","10.164.97.126","45583","53","54"
"1778253647.759184000","10.164.97.126","10.164.97.208","53","45584","143"
"1778253647.759211200","10.164.97.208","10.164.97.126","45582","53","54"
"1778253647.759300800","10.164.97.208","10.164.97.126","45584","53","54"
"1778253647.760643700","10.164.97.126","10.164.97.208","53","45583","54"
"1778253647.760663500","10.164.97.208","10.164.97.126","45583","53","54"
"1778253647.761585000","10.164.97.126","10.164.97.208","53","45584","54"
"1778253647.761604000","10.164.97.208","10.164.97.126","45584","53","54"
"1778253647.763748700","10.164.97.126","10.164.97.208","53","45582","54"
"1778253647.763784300","10.164.97.208","10.164.97.126","45582","53","54"
"1778253647.927894300","10.164.97.126","10.164.97.208","53","45586","55"
"1778253647.927894300","10.164.97.126","10.164.97.208","53","45587","55"
"1778253647.927894300","10.164.97.126","10.164.97.208","53","45585","55"
"1778253647.971838100","10.164.97.208","10.164.97.126","45586","53","54"
"1778253647.971934700","10.164.97.208","10.164.97.126","45587","53","54"
"1778253647.971955800","10.164.97.208","10.164.97.126","45585","53","54"
"1778253647.974408300","10.164.97.126","10.164.97.208","53","45586","354"
"1778253647.974408300","10.164.97.126","10.164.97.208","53","45587","194"
"1778253647.974408300","10.164.97.126","10.164.97.208","53","45585","152"
"1778253647.974681300","10.164.97.208","10.164.97.126","45586","53","54"
"1778253647.974829600","10.164.97.208","10.164.97.126","45585","53","54"
"1778253647.974944000","10.164.97.208","10.164.97.126","45587","53","54"
"1778253647.976055400","10.164.97.126","10.164.97.208","53","45586","54"
"1778253647.976122400","10.164.97.208","10.164.97.126","45586","53","54"
"1778253647.978378600","10.164.97.126","10.164.97.208","53","45587","54"
"1778253647.978405100","10.164.97.208","10.164.97.126","45587","53","54"
"1778253647.980403400","10.164.97.126","10.164.97.208","53","45585","54"
"1778253647.980424300","10.164.97.208","10.164.97.126","45585","53","54"
"1778253648.201192700","10.164.97.208","10.164.97.126","45589","53","66"
"1778253648.201554700","10.164.97.208","10.164.97.126","45590","53","66"
"1778253648.201785800","10.164.97.208","10.164.97.126","45591","53","66"
"1778253648.202403400","10.164.97.126","10.164.97.208","53","45589","70"
"1778253648.202460100","10.164.97.208","10.164.97.126","45589","53","54"
"1778253648.202523000","10.164.97.126","10.164.97.208","53","45590","70"
"1778253648.202553900","10.164.97.208","10.164.97.126","45590","53","54"
"1778253648.202862700","10.164.97.208","10.164.97.126","45589","53","56"
"1778253648.202936200","10.164.97.208","10.164.97.126","45589","53","87"
"1778253648.202992800","10.164.97.126","10.164.97.208","53","45591","70"
"1778253648.203003400","10.164.97.208","10.164.97.126","45590","53","56"
"1778253648.203030800","10.164.97.208","10.164.97.126","45590","53","87"
"1778253648.203047200","10.164.97.208","10.164.97.126","45591","53","54"
"1778253648.203445800","10.164.97.208","10.164.97.126","45591","53","56"
"1778253648.203488100","10.164.97.208","10.164.97.126","45591","53","87"
"1778253648.204327600","10.164.97.126","10.164.97.208","53","45589","54"
"1778253648.204688500","10.164.97.126","10.164.97.208","53","45589","54"
"1778253648.205217000","10.164.97.126","10.164.97.208","53","45590","54"
"1778253648.205484100","10.164.97.126","10.164.97.208","53","45590","54"
"1778253648.205902700","10.164.97.126","10.164.97.208","53","45591","54"
"1778253648.206160000","10.164.97.126","10.164.97.208","53","45591","54"
"1778253648.214053500","10.164.97.208","10.164.97.126","45592","53","66"
"1778253648.214306800","10.164.97.208","10.164.97.126","45593","53","66"
"1778253648.214461400","10.164.97.208","10.164.97.126","45594","53","66"
"1778253648.214721900","10.164.97.208","10.164.97.126","45595","53","66"
"1778253648.214841700","10.164.97.208","10.164.97.126","45596","53","66"
"1778253648.214945200","10.164.97.208","10.164.97.126","45597","53","66"
"1778253648.215117900","10.164.97.126","10.164.97.208","53","45592","70"
"1778253648.215175200","10.164.97.208","10.164.97.126","45592","53","54"
"1778253648.215310000","10.164.97.208","10.164.97.126","45592","53","56"
"1778253648.215365300","10.164.97.126","10.164.97.208","53","45593","70"
"1778253648.215376800","10.164.97.208","10.164.97.126","45592","53","92"
"1778253648.215401700","10.164.97.208","10.164.97.126","45593","53","54"
"1778253648.215439000","10.164.97.208","10.164.97.126","45593","53","56"
"1778253648.215494800","10.164.97.208","10.164.97.126","45593","53","92"
"1778253648.215901300","10.164.97.126","10.164.97.208","53","45594","70"
"1778253648.215937700","10.164.97.208","10.164.97.126","45594","53","54"
"1778253648.216006000","10.164.97.208","10.164.97.126","45594","53","56"
"1778253648.216042300","10.164.97.208","10.164.97.126","45594","53","92"
"1778253648.216553000","10.164.97.126","10.164.97.208","53","45595","70"
"1778253648.216589900","10.164.97.208","10.164.97.126","45595","53","54"
"1778253648.216653300","10.164.97.208","10.164.97.126","45595","53","56"
"1778253648.216698100","10.164.97.208","10.164.97.126","45595","53","89"
"1778253648.217028500","10.164.97.126","10.164.97.208","53","45596","70"
"1778253648.217075400","10.164.97.208","10.164.97.126","45596","53","54"
"1778253648.217226500","10.164.97.208","10.164.97.126","45596","53","56"
"1778253648.217276400","10.164.97.208","10.164.97.126","45596","53","89"
"1778253648.218636200","10.164.97.126","10.164.97.208","53","45592","54"
"1778253648.218636200","10.164.97.126","10.164.97.208","53","45592","54"
"1778253648.218636200","10.164.97.126","10.164.97.208","53","45593","54"
"1778253648.218636200","10.164.97.126","10.164.97.208","53","45593","54"
"1778253648.218892400","10.164.97.126","10.164.97.208","53","45594","54"
"1778253648.218892400","10.164.97.126","10.164.97.208","53","45594","54"
"1778253648.219211800","10.164.97.126","10.164.97.208","53","45595","54"
"1778253648.219544900","10.164.97.126","10.164.97.208","53","45595","54"
"1778253648.219852600","10.164.97.126","10.164.97.208","53","45596","54"
"1778253648.219852600","10.164.97.126","10.164.97.208","53","45596","54"
"1778253648.245289400","10.164.97.208","10.164.97.126","45598","53","66"
"1778253648.245514600","10.164.97.208","10.164.97.126","45599","53","66"
"1778253648.245708800","10.164.97.208","10.164.97.126","45600","53","66"
"1778253648.246411200","10.164.97.126","10.164.97.208","53","45598","70"
"1778253648.246460500","10.164.97.208","10.164.97.126","45598","53","54"
"1778253648.246537500","10.164.97.126","10.164.97.208","53","45599","70"
"1778253648.246594500","10.164.97.208","10.164.97.126","45599","53","54"
"1778253648.246705700","10.164.97.208","10.164.97.126","45598","53","56"
"1778253648.246744500","10.164.97.208","10.164.97.126","45598","53","96"
"1778253648.246804900","10.164.97.208","10.164.97.126","45599","53","56"
"1778253648.246830700","10.164.97.208","10.164.97.126","45599","53","96"
"1778253648.247033800","10.164.97.126","10.164.97.208","53","45600","70"
"1778253648.247076500","10.164.97.208","10.164.97.126","45600","53","54"
"1778253648.247188400","10.164.97.208","10.164.97.126","45600","53","56"
"1778253648.247229300","10.164.97.208","10.164.97.126","45600","53","96"
"1778253648.249584300","10.164.97.126","10.164.97.208","53","45598","54"
"1778253648.249817400","10.164.97.126","10.164.97.208","53","45598","54"
"1778253648.250386300","10.164.97.126","10.164.97.208","53","45599","54"
"1778253648.250386300","10.164.97.126","10.164.97.208","53","45599","54"
"1778253648.250482200","10.164.97.126","10.164.97.208","53","45600","54"
"1778253648.250482200","10.164.97.126","10.164.97.208","53","45600","54"
"1778253648.328682000","10.164.97.126","10.164.97.208","53","45590","55"
"1778253648.329124800","10.164.97.126","10.164.97.208","53","45595","55"
"1778253648.329124800","10.164.97.126","10.164.97.208","53","45589","55"
"1778253648.329124800","10.164.97.126","10.164.97.208","53","45592","55"
"1778253648.329124800","10.164.97.126","10.164.97.208","53","45593","55"
"1778253648.329124800","10.164.97.126","10.164.97.208","53","45596","55"
"1778253648.329124800","10.164.97.126","10.164.97.208","53","45591","55"
"1778253648.329316200","10.164.97.126","10.164.97.208","53","45594","55"
"1778253648.357615800","10.164.97.126","10.164.97.208","53","45599","55"
"1778253648.366797400","10.164.97.126","10.164.97.208","53","45598","55"
"1778253648.366797400","10.164.97.126","10.164.97.208","53","45600","55"
"1778253648.374054400","10.164.97.208","10.164.97.126","45590","53","54"
"1778253648.374143200","10.164.97.208","10.164.97.126","45595","53","54"
"1778253648.374158600","10.164.97.208","10.164.97.126","45589","53","54"
"1778253648.374169500","10.164.97.208","10.164.97.126","45592","53","54"
"1778253648.374181000","10.164.97.208","10.164.97.126","45593","53","54"
"1778253648.374192400","10.164.97.208","10.164.97.126","45596","53","54"
"1778253648.374202700","10.164.97.208","10.164.97.126","45591","53","54"
"1778253648.374212500","10.164.97.208","10.164.97.126","45594","53","54"
"1778253648.375422300","10.164.97.126","10.164.97.208","53","45590","116"
"1778253648.375640700","10.164.97.208","10.164.97.126","45590","53","54"
"1778253648.375939400","10.164.97.126","10.164.97.208","53","45595","115"
"1778253648.375939400","10.164.97.126","10.164.97.208","53","45589","138"
"1778253648.375939400","10.164.97.126","10.164.97.208","53","45592","150"
"1778253648.376094100","10.164.97.208","10.164.97.126","45589","53","54"
"1778253648.376236200","10.164.97.208","10.164.97.126","45595","53","54"
"1778253648.376294400","10.164.97.208","10.164.97.126","45592","53","54"
"1778253648.376680700","10.164.97.126","10.164.97.208","53","45593","121"
"1778253648.377164900","10.164.97.208","10.164.97.126","45593","53","54"
"1778253648.377312400","10.164.97.126","10.164.97.208","53","45596","118"
"1778253648.377312400","10.164.97.126","10.164.97.208","53","45591","104"
"1778253648.377480200","10.164.97.208","10.164.97.126","45591","53","54"
"1778253648.377499800","10.164.97.126","10.164.97.208","53","45594","109"
"1778253648.377594800","10.164.97.208","10.164.97.126","45596","53","54"
"1778253648.377727000","10.164.97.208","10.164.97.126","45594","53","54"
"1778253648.378617900","10.164.97.126","10.164.97.208","53","45590","54"
"1778253648.378617900","10.164.97.126","10.164.97.208","53","45595","54"
"1778253648.378681200","10.164.97.208","10.164.97.126","45590","53","54"
"1778253648.378766400","10.164.97.208","10.164.97.126","45595","53","54"
"1778253648.378944100","10.164.97.126","10.164.97.208","53","45591","54"
"1778253648.378962600","10.164.97.208","10.164.97.126","45591","53","54"
"1778253648.379908400","10.164.97.126","10.164.97.208","53","45589","54"
"1778253648.379955900","10.164.97.208","10.164.97.126","45589","53","54"
"1778253648.381017900","10.164.97.126","10.164.97.208","53","45594","54"
"1778253648.381017900","10.164.97.126","10.164.97.208","53","45592","54"
"1778253648.381043000","10.164.97.208","10.164.97.126","45594","53","54"
"1778253648.381096900","10.164.97.208","10.164.97.126","45592","53","54"
"1778253648.382641100","10.164.97.126","10.164.97.208","53","45593","54"
"1778253648.382680300","10.164.97.208","10.164.97.126","45593","53","54"
"1778253648.384561700","10.164.97.126","10.164.97.208","53","45596","54"
"1778253648.384603000","10.164.97.208","10.164.97.126","45596","53","54"
"1778253648.408071600","10.164.97.208","10.164.97.126","45599","53","54"
"1778253648.408325100","10.164.97.208","10.164.97.126","45598","53","54"
"1778253648.408336200","10.164.97.208","10.164.97.126","45600","53","54"
"1778253648.409749000","10.164.97.126","10.164.97.208","53","45599","125"
"1778253648.410037500","10.164.97.126","10.164.97.208","53","45598","154"
"1778253648.410182400","10.164.97.126","10.164.97.208","53","45600","113"
"1778253648.410510200","10.164.97.208","10.164.97.126","45599","53","54"
"1778253648.410682100","10.164.97.208","10.164.97.126","45598","53","54"
"1778253648.410796300","10.164.97.208","10.164.97.126","45600","53","54"
"1778253648.412050100","10.164.97.126","10.164.97.208","53","45599","54"
"1778253648.412101000","10.164.97.208","10.164.97.126","45599","53","54"
"1778253648.412251100","10.164.97.126","10.164.97.208","53","45598","54"
"1778253648.412270800","10.164.97.208","10.164.97.126","45598","53","54"
"1778253648.414496200","10.164.97.126","10.164.97.208","53","45600","54"
"1778253648.414550300","10.164.97.208","10.164.97.126","45600","53","54"
"1778253649.221356800","10.164.97.208","10.164.97.126","45597","53","66"
"1778253649.239402700","10.164.97.126","10.164.97.208","53","45597","70"
"1778253649.239471400","10.164.97.208","10.164.97.126","45597","53","54"
"1778253649.239625700","10.164.97.208","10.164.97.126","45597","53","56"
"1778253649.239657700","10.164.97.208","10.164.97.126","45597","53","89"
"1778253649.241730200","10.164.97.126","10.164.97.208","53","45597","54"
"1778253649.241730200","10.164.97.126","10.164.97.208","53","45597","54"
"1778253649.276588000","10.164.97.208","10.164.97.126","45601","53","66"
"1778253649.277953900","10.164.97.126","10.164.97.208","53","45601","70"
"1778253649.278006800","10.164.97.208","10.164.97.126","45601","53","54"
"1778253649.278183600","10.164.97.208","10.164.97.126","45601","53","56"
"1778253649.278215100","10.164.97.208","10.164.97.126","45601","53","89"
"1778253649.279598600","10.164.97.126","10.164.97.208","53","45601","54"
"1778253649.279846300","10.164.97.126","10.164.97.208","53","45601","54"
"1778253649.367338900","10.164.97.126","10.164.97.208","53","45597","55"
"1778253649.424281200","10.164.97.208","10.164.97.126","45597","53","54"
"1778253649.439411000","10.164.97.126","10.164.97.208","53","45601","55"
"1778253649.440323800","10.164.97.126","10.164.97.208","53","45597","106"
"1778253649.440968000","10.164.97.208","10.164.97.126","45601","53","54"
"1778253649.441188900","10.164.97.208","10.164.97.126","45597","53","54"
"1778253649.442481500","10.164.97.126","10.164.97.208","53","45601","106"
"1778253649.442547700","10.164.97.208","10.164.97.126","45601","53","54"
"1778253649.442747900","10.164.97.126","10.164.97.208","53","45601","54"
"1778253649.443316500","10.164.97.126","10.164.97.208","53","45597","54"
"1778253649.443355700","10.164.97.208","10.164.97.126","45597","53","54"
"1778253649.489365800","10.164.97.208","10.164.97.126","45602","53","66"
"1778253649.489641500","10.164.97.208","10.164.97.126","45603","53","66"
"1778253649.489760100","10.164.97.208","10.164.97.126","45604","53","66"
"1778253649.490845100","10.164.97.126","10.164.97.208","53","45602","70"
"1778253649.490944700","10.164.97.208","10.164.97.126","45602","53","54"
"1778253649.491083100","10.164.97.208","10.164.97.126","45602","53","56"
"1778253649.491138300","10.164.97.208","10.164.97.126","45602","53","83"
"1778253649.491421100","10.164.97.126","10.164.97.208","53","45603","70"
"1778253649.491465500","10.164.97.208","10.164.97.126","45603","53","54"
"1778253649.491575400","10.164.97.208","10.164.97.126","45603","53","56"
"1778253649.491621800","10.164.97.208","10.164.97.126","45603","53","83"
"1778253649.492090300","10.164.97.126","10.164.97.208","53","45604","70"
"1778253649.492121200","10.164.97.208","10.164.97.126","45604","53","54"
"1778253649.492205600","10.164.97.208","10.164.97.126","45604","53","56"
"1778253649.492284700","10.164.97.208","10.164.97.126","45604","53","83"
"1778253649.493130600","10.164.97.126","10.164.97.208","53","45602","54"
"1778253649.493340500","10.164.97.126","10.164.97.208","53","45602","54"
"1778253649.495220900","10.164.97.126","10.164.97.208","53","45603","54"
"1778253649.497487600","10.164.97.126","10.164.97.208","53","45603","54"
"1778253649.497693900","10.164.97.126","10.164.97.208","53","45604","54"
"1778253649.497693900","10.164.97.126","10.164.97.208","53","45604","54"
"1778253649.616993200","10.164.97.126","10.164.97.208","53","45602","55"
"1778253649.616993200","10.164.97.126","10.164.97.208","53","45604","55"
"1778253649.619810700","10.164.97.126","10.164.97.208","53","45603","55"
"1778253649.646711100","10.164.97.208","10.164.97.126","45605","53","66"
"1778253649.646929000","10.164.97.208","10.164.97.126","45606","53","66"
"1778253649.647064400","10.164.97.208","10.164.97.126","45607","53","66"
"1778253649.648029100","10.164.97.126","10.164.97.208","53","45605","70"
"1778253649.648098300","10.164.97.208","10.164.97.126","45605","53","54"
"1778253649.648189200","10.164.97.208","10.164.97.126","45605","53","56"
"1778253649.648236200","10.164.97.208","10.164.97.126","45605","53","106"
"1778253649.648632900","10.164.97.126","10.164.97.208","53","45606","70"
"1778253649.648677300","10.164.97.208","10.164.97.126","45606","53","54"
"1778253649.648761800","10.164.97.208","10.164.97.126","45606","53","56"
"1778253649.648795000","10.164.97.208","10.164.97.126","45606","53","106"
"1778253649.649332100","10.164.97.126","10.164.97.208","53","45607","70"
"1778253649.649392300","10.164.97.208","10.164.97.126","45607","53","54"
"1778253649.649449800","10.164.97.208","10.164.97.126","45607","53","56"
"1778253649.649487500","10.164.97.208","10.164.97.126","45607","53","106"
"1778253649.650199900","10.164.97.126","10.164.97.208","53","45605","54"
"1778253649.650703900","10.164.97.126","10.164.97.208","53","45605","54"
"1778253649.650993000","10.164.97.126","10.164.97.208","53","45606","54"
"1778253649.651402600","10.164.97.126","10.164.97.208","53","45606","54"
"1778253649.651864200","10.164.97.126","10.164.97.208","53","45607","54"
"1778253649.652132200","10.164.97.126","10.164.97.208","53","45607","54"
"1778253649.670237800","10.164.97.208","10.164.97.126","45602","53","54"
"1778253649.670309700","10.164.97.208","10.164.97.126","45604","53","54"
"1778253649.670327200","10.164.97.208","10.164.97.126","45603","53","54"
"1778253649.671474300","10.164.97.126","10.164.97.208","53","45602","204"
"1778253649.671759300","10.164.97.126","10.164.97.208","53","45604","116"
"1778253649.671759300","10.164.97.126","10.164.97.208","53","45603","112"
"1778253649.671774700","10.164.97.208","10.164.97.126","45602","53","54"
"1778253649.672140800","10.164.97.208","10.164.97.126","45604","53","54"
"1778253649.672278600","10.164.97.208","10.164.97.126","45603","53","54"
"1778253649.673151300","10.164.97.126","10.164.97.208","53","45602","54"
"1778253649.673180900","10.164.97.208","10.164.97.126","45602","53","54"
"1778253649.675574900","10.164.97.126","10.164.97.208","53","45604","54"
"1778253649.675610800","10.164.97.208","10.164.97.126","45604","53","54"
"1778253649.678645200","10.164.97.126","10.164.97.208","53","45603","54"
"1778253649.678661900","10.164.97.208","10.164.97.126","45603","53","54"
"1778253649.767705100","10.164.97.126","10.164.97.208","53","45607","55"
"1778253649.767705100","10.164.97.126","10.164.97.208","53","45605","55"
"1778253649.767705100","10.164.97.126","10.164.97.208","53","45606","55"
"1778253649.825810800","10.164.97.208","10.164.97.126","45607","53","54"
"1778253649.826303700","10.164.97.208","10.164.97.126","45605","53","54"
"1778253649.826330800","10.164.97.208","10.164.97.126","45606","53","54"
"1778253649.827810600","10.164.97.126","10.164.97.208","53","45607","171"
"1778253649.827908500","10.164.97.126","10.164.97.208","53","45605","164"
"1778253649.828169200","10.164.97.208","10.164.97.126","45607","53","54"
"1778253649.828192500","10.164.97.126","10.164.97.208","53","45606","219"
"1778253649.828378200","10.164.97.208","10.164.97.126","45605","53","54"
"1778253649.828509100","10.164.97.208","10.164.97.126","45606","53","54"
"1778253649.829725600","10.164.97.126","10.164.97.208","53","45607","54"
"1778253649.829758500","10.164.97.208","10.164.97.126","45607","53","54"
"1778253649.829993700","10.164.97.126","10.164.97.208","53","45605","54"
"1778253649.830021200","10.164.97.208","10.164.97.126","45605","53","54"
"1778253649.831557200","10.164.97.126","10.164.97.208","53","45606","54"
"1778253649.831586200","10.164.97.208","10.164.97.126","45606","53","54"
"1778253650.179752900","10.164.97.208","10.164.97.126","45608","53","66"
"1778253650.179887300","10.164.97.208","10.164.97.126","45609","53","66"
"1778253650.179984100","10.164.97.208","10.164.97.126","45610","53","66"
"1778253650.181055600","10.164.97.126","10.164.97.208","53","45608","70"
"1778253650.181115300","10.164.97.208","10.164.97.126","45608","53","54"
"1778253650.181221500","10.164.97.208","10.164.97.126","45608","53","56"
"1778253650.181288700","10.164.97.208","10.164.97.126","45608","53","95"
"1778253650.181918400","10.164.97.126","10.164.97.208","53","45609","70"
"1778253650.181952600","10.164.97.208","10.164.97.126","45609","53","54"
"1778253650.182172900","10.164.97.208","10.164.97.126","45609","53","56"
"1778253650.182202200","10.164.97.208","10.164.97.126","45609","53","95"
"1778253650.182417100","10.164.97.126","10.164.97.208","53","45610","70"
"1778253650.182441700","10.164.97.208","10.164.97.126","45610","53","54"
"1778253650.182504700","10.164.97.208","10.164.97.126","45610","53","56"
"1778253650.182525900","10.164.97.208","10.164.97.126","45610","53","95"
"1778253650.183364700","10.164.97.126","10.164.97.208","53","45608","54"
"1778253650.183611700","10.164.97.126","10.164.97.208","53","45608","54"
"1778253650.184195800","10.164.97.126","10.164.97.208","53","45609","54"
"1778253650.184536200","10.164.97.126","10.164.97.208","53","45609","54"
"1778253650.186419500","10.164.97.126","10.164.97.208","53","45610","54"
"1778253650.186419500","10.164.97.126","10.164.97.208","53","45610","54"
"1778253650.264662400","10.164.97.208","10.164.97.126","45611","53","66"
"1778253650.264864500","10.164.97.208","10.164.97.126","45612","53","66"
"1778253650.265006200","10.164.97.208","10.164.97.126","45613","53","66"
"1778253650.266029200","10.164.97.126","10.164.97.208","53","45611","70"
"1778253650.266104800","10.164.97.208","10.164.97.126","45611","53","54"
"1778253650.266407000","10.164.97.208","10.164.97.126","45611","53","56"
"1778253650.266444000","10.164.97.126","10.164.97.208","53","45612","70"
"1778253650.266468400","10.164.97.208","10.164.97.126","45611","53","81"
"1778253650.266490800","10.164.97.208","10.164.97.126","45612","53","54"
"1778253650.266550600","10.164.97.208","10.164.97.126","45612","53","56"
"1778253650.266601200","10.164.97.208","10.164.97.126","45612","53","81"
"1778253650.266878400","10.164.97.126","10.164.97.208","53","45613","70"
"1778253650.266921200","10.164.97.208","10.164.97.126","45613","53","54"
"1778253650.267189000","10.164.97.208","10.164.97.126","45613","53","56"
"1778253650.267240900","10.164.97.208","10.164.97.126","45613","53","81"
"1778253650.269955600","10.164.97.126","10.164.97.208","53","45611","54"
"1778253650.270207500","10.164.97.126","10.164.97.208","53","45611","54"
"1778253650.272848600","10.164.97.126","10.164.97.208","53","45612","54"
"1778253650.272848600","10.164.97.126","10.164.97.208","53","45612","54"
"1778253650.272848600","10.164.97.126","10.164.97.208","53","45613","54"
"1778253650.272848600","10.164.97.126","10.164.97.208","53","45613","54"
"1778253650.327767400","10.164.97.126","10.164.97.208","53","45610","55"
"1778253650.328836300","10.164.97.126","10.164.97.208","53","45609","55"
"1778253650.328836300","10.164.97.126","10.164.97.208","53","45608","55"
"1778253650.375583400","10.164.97.208","10.164.97.126","45610","53","54"
"1778253650.375683900","10.164.97.208","10.164.97.126","45609","53","54"
"1778253650.375706200","10.164.97.208","10.164.97.126","45608","53","54"
"1778253650.377250600","10.164.97.126","10.164.97.208","53","45610","131"
"1778253650.377574400","10.164.97.126","10.164.97.208","53","45609","143"
"1778253650.377578000","10.164.97.208","10.164.97.126","45610","53","54"
"1778253650.377786600","10.164.97.126","10.164.97.208","53","45608","165"
"1778253650.377864300","10.164.97.208","10.164.97.126","45609","53","54"
"1778253650.378082900","10.164.97.208","10.164.97.126","45608","53","54"
"1778253650.379767200","10.164.97.126","10.164.97.208","53","45610","54"
"1778253650.379811700","10.164.97.208","10.164.97.126","45610","53","54"
"1778253650.382625200","10.164.97.126","10.164.97.208","53","45609","54"
"1778253650.382678800","10.164.97.208","10.164.97.126","45609","53","54"
"1778253650.383837600","10.164.97.126","10.164.97.208","53","45608","54"
"1778253650.383870000","10.164.97.208","10.164.97.126","45608","53","54"
"1778253650.442782700","10.164.97.126","10.164.97.208","53","45613","55"
"1778253650.447711400","10.164.97.126","10.164.97.208","53","45612","55"
"1778253650.490558000","10.164.97.208","10.164.97.126","45613","53","54"
"1778253650.490662200","10.164.97.208","10.164.97.126","45612","53","54"
"1778253650.492375000","10.164.97.126","10.164.97.208","53","45613","98"
"1778253650.492648200","10.164.97.126","10.164.97.208","53","45612","110"
"1778253650.493300900","10.164.97.208","10.164.97.126","45613","53","54"
"1778253650.493454300","10.164.97.208","10.164.97.126","45612","53","54"
"1778253650.494919200","10.164.97.126","10.164.97.208","53","45613","54"
"1778253650.494959700","10.164.97.208","10.164.97.126","45613","53","54"
"1778253650.497257500","10.164.97.126","10.164.97.208","53","45612","54"
"1778253650.497291400","10.164.97.208","10.164.97.126","45612","53","54"
"1778253650.541286700","10.164.97.208","10.164.97.126","45611","53","54"
"1778253650.554543900","10.164.97.126","10.164.97.208","53","45611","55"
"1778253650.554613900","10.164.97.208","10.164.97.126","45611","53","54"
"1778253650.554762900","10.164.97.126","10.164.97.208","53","45611","167"
"1778253650.962823800","10.164.97.208","10.164.97.126","45614","53","66"
"1778253650.963654700","10.164.97.208","10.164.97.126","45615","53","66"
"1778253650.963877800","10.164.97.208","10.164.97.126","45616","53","66"
"1778253650.964249600","10.164.97.126","10.164.97.208","53","45614","70"
"1778253650.964331500","10.164.97.208","10.164.97.126","45614","53","54"
"1778253650.964523900","10.164.97.208","10.164.97.126","45614","53","56"
"1778253650.964570400","10.164.97.208","10.164.97.126","45614","53","87"
"1778253650.965301900","10.164.97.126","10.164.97.208","53","45615","70"
"1778253650.965369400","10.164.97.208","10.164.97.126","45615","53","54"
"1778253650.965478400","10.164.97.208","10.164.97.126","45615","53","56"
"1778253650.965546200","10.164.97.126","10.164.97.208","53","45616","70"
"1778253650.965557900","10.164.97.208","10.164.97.126","45615","53","87"
"1778253650.965590300","10.164.97.208","10.164.97.126","45616","53","54"
"1778253650.965717100","10.164.97.208","10.164.97.126","45616","53","56"
"1778253650.965757800","10.164.97.208","10.164.97.126","45616","53","87"
"1778253650.967608400","10.164.97.126","10.164.97.208","53","45614","54"
"1778253650.967936800","10.164.97.126","10.164.97.208","53","45614","54"
"1778253650.968244600","10.164.97.126","10.164.97.208","53","45615","54"
"1778253650.968244600","10.164.97.126","10.164.97.208","53","45615","54"
"1778253650.968481500","10.164.97.126","10.164.97.208","53","45616","54"
"1778253650.968481500","10.164.97.126","10.164.97.208","53","45616","54"
"1778253651.058024400","10.164.97.126","10.164.97.208","53","45614","55"
"1778253651.067559900","10.164.97.126","10.164.97.208","53","45616","55"
"1778253651.067559900","10.164.97.126","10.164.97.208","53","45615","55"
"1778253651.106921500","10.164.97.208","10.164.97.126","45614","53","54"
"1778253651.108440900","10.164.97.126","10.164.97.208","53","45614","138"
"1778253651.108841800","10.164.97.208","10.164.97.126","45614","53","54"
"1778253651.110390300","10.164.97.126","10.164.97.208","53","45614","54"
"1778253651.110435100","10.164.97.208","10.164.97.126","45614","53","54"
"1778253651.123944900","10.164.97.208","10.164.97.126","45616","53","54"
"1778253651.124091100","10.164.97.208","10.164.97.126","45615","53","54"
"1778253651.125842200","10.164.97.126","10.164.97.208","53","45616","104"
"1778253651.125959800","10.164.97.126","10.164.97.208","53","45615","116"
"1778253651.126171800","10.164.97.208","10.164.97.126","45616","53","54"
"1778253651.126371200","10.164.97.208","10.164.97.126","45615","53","54"
"1778253651.127969000","10.164.97.126","10.164.97.208","53","45616","54"
"1778253651.128004500","10.164.97.208","10.164.97.126","45616","53","54"
"1778253651.129394600","10.164.97.126","10.164.97.208","53","45615","54"
"1778253651.129429000","10.164.97.208","10.164.97.126","45615","53","54"
